{
    "iteration_1":
    {
        "add": 0.012092113494873047,
        "copy": 0.010035037994384766,
        "scale": 0.010033845901489258,
        "triad": 0.014250993728637695
    },
    "iteration_10":
    {
        "add": 0.013045072555541992,
        "copy": 0.009032011032104492,
        "scale": 0.010033845901489258,
        "triad": 0.014049053192138672
    },
    "iteration_11":
    {
        "add": 0.012042045593261719,
        "copy": 0.010035037994384766,
        "scale": 0.010034799575805664,
        "triad": 0.014048099517822266
    },
    "iteration_12":
    {
        "add": 0.01304483413696289,
        "copy": 0.009032011032104492,
        "scale": 0.009031057357788086,
        "triad": 0.013046026229858398
    },
    "iteration_13":
    {
        "add": 0.013046026229858398,
        "copy": 0.009031057357788086,
        "scale": 0.010035037994384766,
        "triad": 0.014047861099243164
    },
    "iteration_14":
    {
        "add": 0.012042045593261719,
        "copy": 0.009031057357788086,
        "scale": 0.010035037994384766,
        "triad": 0.014047861099243164
    },
    "iteration_15":
    {
        "add": 0.013046026229858398,
        "copy": 0.009032011032104492,
        "scale": 0.01003408432006836,
        "triad": 0.014047861099243164
    },
    "iteration_16":
    {
        "add": 0.012041091918945313,
        "copy": 0.009032011032104492,
        "scale": 0.010035037994384766,
        "triad": 0.01404881477355957
    },
    "iteration_17":
    {
        "add": 0.012042045593261719,
        "copy": 0.009031057357788086,
        "scale": 0.010035037994384766,
        "triad": 0.014049053192138672
    },
    "iteration_18":
    {
        "add": 0.012042045593261719,
        "copy": 0.009030818939208984,
        "scale": 0.010035037994384766,
        "triad": 0.014049053192138672
    },
    "iteration_19":
    {
        "add": 0.012041091918945313,
        "copy": 0.009031057357788086,
        "scale": 0.010034799575805664,
        "triad": 0.014049053192138672
    },
    "iteration_2":
    {
        "add": 0.013046026229858398,
        "copy": 0.009077072143554688,
        "scale": 0.009544849395751953,
        "triad": 0.014048099517822266
    },
    "iteration_20":
    {
        "add": 0.012040853500366211,
        "copy": 0.009031057357788086,
        "scale": 0.011039018630981445,
        "triad": 0.014049053192138672
    },
    "iteration_21":
    {
        "add": 0.013046026229858398,
        "copy": 0.01003408432006836,
        "scale": 0.010034799575805664,
        "triad": 0.014048099517822266
    },
    "iteration_22":
    {
        "add": 0.01304483413696289,
        "copy": 0.009032011032104492,
        "scale": 0.009031057357788086,
        "triad": 0.013045072555541992
    },
    "iteration_23":
    {
        "add": 0.013045072555541992,
        "copy": 0.009032011032104492,
        "scale": 0.010035037994384766,
        "triad": 0.01304483413696289
    },
    "iteration_24":
    {
        "add": 0.013045072555541992,
        "copy": 0.009031057357788086,
        "scale": 0.010035037994384766,
        "triad": 0.013045787811279297
    },
    "iteration_25":
    {
        "add": 0.013045072555541992,
        "copy": 0.009031057357788086,
        "scale": 0.010035037994384766,
        "triad": 0.01404881477355957
    },
    "iteration_26":
    {
        "add": 0.012042045593261719,
        "copy": 0.009031057357788086,
        "scale": 0.010035037994384766,
        "triad": 0.014049053192138672
    },
    "iteration_27":
    {
        "add": 0.013045072555541992,
        "copy": 0.009030818939208984,
        "scale": 0.010035037994384766,
        "triad": 0.013045072555541992
    },
    "iteration_28":
    {
        "add": 0.012042045593261719,
        "copy": 0.009030818939208984,
        "scale": 0.010035037994384766,
        "triad": 0.014049053192138672
    },
    "iteration_29":
    {
        "add": 0.012042045593261719,
        "copy": 0.009032011032104492,
        "scale": 0.010033845901489258,
        "triad": 0.014048099517822266
    },
    "iteration_3":
    {
        "add": 0.012042045593261719,
        "copy": 0.009032011032104492,
        "scale": 0.010033845901489258,
        "triad": 0.014049053192138672
    },
    "iteration_30":
    {
        "add": 0.01304483413696289,
        "copy": 0.009032011032104492,
        "scale": 0.009031057357788086,
        "triad": 0.014049053192138672
    },
    "iteration_31":
    {
        "add": 0.012042045593261719,
        "copy": 0.010035037994384766,
        "scale": 0.010035037994384766,
        "triad": 0.014047861099243164
    },
    "iteration_32":
    {
        "add": 0.012041091918945313,
        "copy": 0.009032011032104492,
        "scale": 0.010035037994384766,
        "triad": 0.01404881477355957
    },
    "iteration_33":
    {
        "add": 0.012042045593261719,
        "copy": 0.009031057357788086,
        "scale": 0.010035037994384766,
        "triad": 0.01404881477355957
    },
    "iteration_34":
    {
        "add": 0.012041091918945313,
        "copy": 0.009031057357788086,
        "scale": 0.010035037994384766,
        "triad": 0.01404881477355957
    },
    "iteration_35":
    {
        "add": 0.012042045593261719,
        "copy": 0.009032011032104492,
        "scale": 0.01003408432006836,
        "triad": 0.014049053192138672
    },
    "iteration_36":
    {
        "add": 0.012042045593261719,
        "copy": 0.009030818939208984,
        "scale": 0.010035037994384766,
        "triad": 0.014048099517822266
    },
    "iteration_37":
    {
        "add": 0.012041091918945313,
        "copy": 0.009032011032104492,
        "scale": 0.010034799575805664,
        "triad": 0.014049053192138672
    },
    "iteration_38":
    {
        "add": 0.012040853500366211,
        "copy": 0.009031057357788086,
        "scale": 0.010035991668701172,
        "triad": 0.014049053192138672
    },
    "iteration_39":
    {
        "add": 0.012028932571411133,
        "copy": 0.009031057357788086,
        "scale": 0.010035037994384766,
        "triad": 0.014049053192138672
    },
    "iteration_4":
    {
        "add": 0.012041807174682617,
        "copy": 0.009031057357788086,
        "scale": 0.010035037994384766,
        "triad": 0.014049053192138672
    },
    "iteration_40":
    {
        "add": 0.012042045593261719,
        "copy": 0.009032011032104492,
        "scale": 0.010033845901489258,
        "triad": 0.014049053192138672
    },
    "iteration_41":
    {
        "add": 0.012042045593261719,
        "copy": 0.009031057357788086,
        "scale": 0.010034799575805664,
        "triad": 0.014049053192138672
    },
    "iteration_42":
    {
        "add": 0.012041807174682617,
        "copy": 0.009031057357788086,
        "scale": 0.010035037994384766,
        "triad": 0.014048099517822266
    },
    "iteration_43":
    {
        "add": 0.012041807174682617,
        "copy": 0.009032011032104492,
        "scale": 0.01003408432006836,
        "triad": 0.014049053192138672
    },
    "iteration_44":
    {
        "add": 0.012042045593261719,
        "copy": 0.009031057357788086,
        "scale": 0.010035037994384766,
        "triad": 0.01404881477355957
    },
    "iteration_45":
    {
        "add": 0.012042045593261719,
        "copy": 0.009031057357788086,
        "scale": 0.010035037994384766,
        "triad": 0.014047861099243164
    },
    "iteration_46":
    {
        "add": 0.012041091918945313,
        "copy": 0.009032011032104492,
        "scale": 0.010035037994384766,
        "triad": 0.01404881477355957
    },
    "iteration_47":
    {
        "add": 0.012042045593261719,
        "copy": 0.009031057357788086,
        "scale": 0.010035037994384766,
        "triad": 0.014049053192138672
    },
    "iteration_48":
    {
        "add": 0.012041091918945313,
        "copy": 0.009030818939208984,
        "scale": 0.010035037994384766,
        "triad": 0.014049053192138672
    },
    "iteration_49":
    {
        "add": 0.013046026229858398,