{
    "iteration_1":
    {
        "add": 0.03125190734863281,
        "copy": 0.031252145767211914,
        "scale": 0.015625953674316406,
        "triad": 0.031250953674316406
    },
    "iteration_10":
    {
        "add": 0.015625953674316406,
        "copy": 0.03125190734863281,
        "scale": 0.03125190734863281,
        "triad": 0.031252145767211914
    },
    "iteration_11":
    {
        "add": 0.031252145767211914,
        "copy": 0.03125190734863281,
        "scale": 0.015625953674316406,
        "triad": 0.03125190734863281
    },
    "iteration_12":
    {
        "add": 0.03125190734863281,
        "copy": 0.015627145767211914,
        "scale": 0.031250953674316406,
        "triad": 0.015625953674316406
    },
    "iteration_13":
    {
        "add": 0.031252145767211914,
        "copy": 0.03125309944152832,
        "scale": 0.03125190734863281,
        "triad": 0.015625953674316406
    },
    "iteration_14":
    {
        "add": 0.015625953674316406,
        "copy": 0.03125190734863281,
        "scale": 0.031252145767211914,
        "triad": 0.03125190734863281
    },
    "iteration_15":
    {
        "add": 0.03125190734863281,
        "copy": 0.031252145767211914,
        "scale": 0.015625953674316406,
        "triad": 0.031252145767211914
    },
    "iteration_16":
    {
        "add": 0.03125309944152832,
        "copy": 0.015625953674316406,
        "scale": 0.03125190734863281,
        "triad": 0.015625953674316406
    },
    "iteration_17":
    {
        "add": 0.03125190734863281,
        "copy": 0.03125190734863281,
        "scale": 0.031252145767211914,
        "triad": 0.015625953674316406
    },
    "iteration_18":
    {
        "add": 0.015625953674316406,
        "copy": 0.031252145767211914,
        "scale": 0.03125190734863281,
        "triad": 0.031252145767211914
    },
    "iteration_19":
    {
        "add": 0.015626907348632813,
        "copy": 0.03125190734863281,
        "scale": 0.031252145767211914,
        "triad": 0.03125190734863281
    },
    "iteration_2":
    {
        "add": 0.031252145767211914,
        "copy": 0.015627145767211914,
        "scale": 0.03125286102294922,
        "triad": 0.031250953674316406
    },
    "iteration_20":
    {
        "add": 0.03125190734863281,
        "copy": 0.031252145767211914,
        "scale": 0.015625953674316406,
        "triad": 0.031252145767211914
    },
    "iteration_21":
    {
        "add": 0.031252145767211914,
        "copy": 0.015625953674316406,
        "scale": 0.03125190734863281,
        "triad": 0.03125190734863281
    },
    "iteration_22":
    {
        "add": 0.03125286102294922,
        "copy": 0.015625953674316406,
        "scale": 0.031252145767211914,
        "triad": 0.015625
    },
    "iteration_23":
    {
        "add": 0.015625953674316406,
        "copy": 0.03125309944152832,
        "scale": 0.03125190734863281,
        "triad": 0.031252145767211914
    },
    "iteration_24":
    {
        "add": 0.015625953674316406,
        "copy": 0.03125190734863281,
        "scale": 0.031252145767211914,
        "triad": 0.03125190734863281
    },
    "iteration_25":
    {
        "add": 0.03125190734863281,
        "copy": 0.03125190734863281,
        "scale": 0.015626192092895508,
        "triad": 0.03125190734863281
    },
    "iteration_26":
    {
        "add": 0.031252145767211914,
        "copy": 0.015626192092895508,
        "scale": 0.03125286102294922,
        "triad": 0.015625953674316406
    },
    "iteration_27":
    {
        "add": 0.03125190734863281,
        "copy": 0.03125190734863281,
        "scale": 0.031252145767211914,
        "triad": 0.015625953674316406
    },
    "iteration_28":
    {
        "add": 0.015625953674316406,
        "copy": 0.031252145767211914,
        "scale": 0.03125190734863281,
        "triad": 0.031243085861206055
    },
    "iteration_29":
    {
        "add": 0.031252145767211914,
        "copy": 0.03125190734863281,
        "scale": 0.015625953674316406,
        "triad": 0.03125286102294922
    },
    "iteration_3":
    {
        "add": 0.03125286102294922,
        "copy": 0.015625953674316406,
        "scale": 0.031252145767211914,
        "triad": 0.015625
    },
    "iteration_30":
    {
        "add": 0.03125190734863281,
        "copy": 0.015626192092895508,
        "scale": 0.03126096725463867,
        "triad": 0.015625953674316406
    },
    "iteration_31":
    {
        "add": 0.031252145767211914,
        "copy": 0.01562786102294922,
        "scale": 0.03125,
        "triad": 0.015625953674316406
    },
    "iteration_32":
    {
        "add": 0.03126096725463867,
        "copy": 0.03125190734863281,
        "scale": 0.031252145767211914,
        "triad": 0.015625953674316406
    },
    "iteration_33":
    {
        "add": 0.015625953674316406,
        "copy": 0.03125309944152832,
        "scale": 0.03125190734863281,
        "triad": 0.031252145767211914
    },
    "iteration_34":
    {
        "add": 0.031252145767211914,
        "copy": 0.03125190734863281,
        "scale": 0.015625953674316406,
        "triad": 0.03125190734863281
    },
    "iteration_35":
    {
        "add": 0.031252145767211914,
        "copy": 0.015625953674316406,
        "scale": 0.03125190734863281,
        "triad": 0.03125190734863281
    },
    "iteration_36":
    {
        "add": 0.03125190734863281,
        "copy": 0.015627145767211914,
        "scale": 0.03125190734863281,
        "triad": 0.015626192092895508
    },
    "iteration_37":
    {
        "add": 0.015626192092895508,
        "copy": 0.03125190734863281,
        "scale": 0.03125190734863281,
        "triad": 0.03125190734863281
    },
    "iteration_38":
    {
        "add": 0.015625953674316406,
        "copy": 0.03125190734863281,
        "scale": 0.031252145767211914,
        "triad": 0.03125190734863281
    },
    "iteration_39":
    {
        "add": 0.031250953674316406,
        "copy": 0.031252145767211914,
        "scale": 0.015626907348632813,
        "triad": 0.03125309944152832
    },
    "iteration_4":
    {
        "add": 0.03125190734863281,
        "copy": 0.03126215934753418,
        "scale": 0.03125190734863281,
        "triad": 0.015626192092895508
    },
    "iteration_40":
    {
        "add": 0.031252145767211914,
        "copy": 0.015625953674316406,
        "scale": 0.03125190734863281,
        "triad": 0.015625953674316406
    },
    "iteration_41":
    {
        "add": 0.015625953674316406,
        "copy": 0.03125190734863281,
        "scale": 0.031252145767211914,
        "triad": 0.03125190734863281
    },
    "iteration_42":
    {
        "add": 0.015625,
        "copy": 0.031252145767211914,
        "scale": 0.03125286102294922,
        "triad": 0.03125309944152832
    },
    "iteration_43":
    {
        "add": 0.03125190734863281,
        "copy": 0.03125190734863281,
        "scale": 0.015626192092895508,
        "triad": 0.03125190734863281
    },
    "iteration_44":
    {
        "add": 0.03125190734863281,
        "copy": 0.015626192092895508,
        "scale": 0.03125190734863281,
        "triad": 0.015626192092895508
    },
    "iteration_45":
    {
        "add": 0.031252145767211914,
        "copy": 0.03125190734863281,
        "scale": 0.03125190734863281,
        "triad": 0.015625953674316406
    },
    "iteration_46":
    {
        "add": 0.015625953674316406,
        "copy": 0.03125286102294922,
        "scale": 0.031252145767211914,
        "triad": 0.03125190734863281
    },
    "iteration_47":
    {
        "add": 0.03125190734863281,
        "copy": 0.031252145767211914,
        "scale": 0.015625953674316406,
        "triad": 0.031252145767211914
    },
    "iteration_48":
    {
        "add": 0.031252145767211914,
        "copy": 0.015625953674316406,
        "scale": 0.03125190734863281,
        "triad": 0.015625953674316406
    },
    "iteration_49":
    {
        "add": 0.03125190734863281,
        "copy": 0.03125190734863281,
        "scale": 0.031252145767211914,