{
    "iteration_1":
    {
        "add": 0.012041091918945313,
        "copy": 0.009031057357788086,
        "scale": 0.009032011032104492,
        "triad": 0.013046026229858398
    },
    "iteration_10":
    {
        "add": 0.012041091918945313,
        "copy": 0.008028030395507813,
        "scale": 0.010034799575805664,
        "triad": 0.012042045593261719
    },
    "iteration_11":
    {
        "add": 0.012041807174682617,
        "copy": 0.009030818939208984,
        "scale": 0.010036230087280273,
        "triad": 0.01300811767578125
    },
    "iteration_12":
    {
        "add": 0.012042045593261719,
        "copy": 0.008024930953979492,
        "scale": 0.01003408432006836,
        "triad": 0.012041807174682617
    },
    "iteration_13":
    {
        "add": 0.011038064956665039,
        "copy": 0.009031057357788086,
        "scale": 0.010035037994384766,
        "triad": 0.013046026229858398
    },
    "iteration_14":
    {
        "add": 0.012042045593261719,
        "copy": 0.009030818939208984,
        "scale": 0.009031057357788086,
        "triad": 0.013045072555541992
    },
    "iteration_15":
    {
        "add": 0.012042045593261719,
        "copy": 0.009032011032104492,
        "scale": 0.009030818939208984,
        "triad": 0.013045072555541992
    },
    "iteration_16":
    {
        "add": 0.012041807174682617,
        "copy": 0.008028030395507813,
        "scale": 0.010035037994384766,
        "triad": 0.013045072555541992
    },
    "iteration_17":
    {
        "add": 0.012040853500366211,
        "copy": 0.008028030395507813,
        "scale": 0.010035037994384766,
        "triad": 0.013046026229858398
    },
    "iteration_18":
    {
        "add": 0.011039018630981445,
        "copy": 0.008028030395507813,
        "scale": 0.01003408432006836,
        "triad": 0.01304483413696289
    },
    "iteration_19":
    {
        "add": 0.012042045593261719,
        "copy": 0.009031057357788086,
        "scale": 0.010035037994384766,
        "triad": 0.012042045593261719
    },
    "iteration_2":
    {
        "add": 0.011455059051513672,
        "copy": 0.00903177261352539,
        "scale": 0.00903010368347168,
        "triad": 0.013493061065673828
    },
    "iteration_20":
    {
        "add": 0.011038064956665039,
        "copy": 0.009030818939208984,
        "scale": 0.010035037994384766,
        "triad": 0.013045072555541992
    },
    "iteration_21":
    {
        "add": 0.012042045593261719,
        "copy": 0.009032011032104492,
        "scale": 0.010033845901489258,
        "triad": 0.013045072555541992
    },
    "iteration_22":
    {
        "add": 0.012041807174682617,
        "copy": 0.008028030395507813,
        "scale": 0.010035037994384766,
        "triad": 0.013045072555541992
    },
    "iteration_23":
    {
        "add": 0.012042045593261719,
        "copy": 0.009031057357788086,
        "scale": 0.009032011032104492,
        "triad": 0.01304483413696289
    },
    "iteration_24":
    {
        "add": 0.012042045593261719,
        "copy": 0.008028030395507813,
        "scale": 0.01003408432006836,
        "triad": 0.013045787811279297
    },
    "iteration_25":
    {
        "add": 0.011039018630981445,
        "copy": 0.008028030395507813,
        "scale": 0.01003408432006836,
        "triad": 0.013045072555541992
    },
    "iteration_26":
    {
        "add": 0.012042045593261719,
        "copy": 0.009030818939208984,
        "scale": 0.010035037994384766,
        "triad": 0.013045072555541992
    },
    "iteration_27":
    {
        "add": 0.012042045593261719,
        "copy": 0.008028030395507813,
        "scale": 0.011037826538085938,
        "triad": 0.013045072555541992
    },
    "iteration_28":
    {
        "add": 0.012041807174682617,
        "copy": 0.008028030395507813,
        "scale": 0.010035037994384766,
        "triad": 0.013045072555541992
    },
    "iteration_29":
    {
        "add": 0.012042045593261719,
        "copy": 0.008028030395507813,
        "scale": 0.010035037994384766,
        "triad": 0.01304483413696289
    },
    "iteration_3":
    {
        "add": 0.012042045593261719,
        "copy": 0.009030818939208984,
        "scale": 0.009031057357788086,
        "triad": 0.013045072555541992
    },
    "iteration_30":
    {
        "add": 0.012041091918945313,
        "copy": 0.008028030395507813,
        "scale": 0.010035037994384766,
        "triad": 0.013045787811279297
    },
    "iteration_31":
    {
        "add": 0.011038064956665039,
        "copy": 0.009031057357788086,
        "scale": 0.010035037994384766,
        "triad": 0.013045072555541992
    },
    "iteration_32":
    {
        "add": 0.011039972305297852,
        "copy": 0.00903177261352539,
        "scale": 0.010035037994384766,
        "triad": 0.013030052185058594
    },
    "iteration_33":
    {
        "add": 0.011039018630981445,
        "copy": 0.009032011032104492,
        "scale": 0.01003408432006836,
        "triad": 0.01304483413696289
    },
    "iteration_34":
    {
        "add": 0.012041091918945313,
        "copy": 0.009031057357788086,
        "scale": 0.009032011032104492,
        "triad": 0.013046026229858398
    },
    "iteration_35":
    {
        "add": 0.011039018630981445,
        "copy": 0.008028030395507813,
        "scale": 0.010033845901489258,
        "triad": 0.013045072555541992
    },
    "iteration_36":
    {
        "add": 0.011038064956665039,
        "copy": 0.009031057357788086,
        "scale": 0.010034799575805664,
        "triad": 0.013046026229858398
    },
    "iteration_37":
    {
        "add": 0.012041807174682617,
        "copy": 0.009031057357788086,
        "scale": 0.009031057357788086,
        "triad": 0.013046026229858398
    },
    "iteration_38":
    {
        "add": 0.012042045593261719,
        "copy": 0.008027076721191406,
        "scale": 0.010035037994384766,
        "triad": 0.012041807174682617
    },
    "iteration_39":
    {
        "add": 0.012042045593261719,
        "copy": 0.009031057357788086,
        "scale": 0.009031057357788086,
        "triad": 0.013046026229858398
    },
    "iteration_4":
    {
        "add": 0.012042045593261719,
        "copy": 0.009030818939208984,
        "scale": 0.009032011032104492,
        "triad": 0.013045072555541992
    },
    "iteration_40":
    {
        "add": 0.012042045593261719,
        "copy": 0.008027791976928711,
        "scale": 0.01003408432006836,
        "triad": 0.013045072555541992
    },
    "iteration_41":
    {
        "add": 0.012042045593261719,
        "copy": 0.009030818939208984,
        "scale": 0.010035037994384766,
        "triad": 0.012042045593261719
    },
    "iteration_42":
    {
        "add": 0.011038064956665039,
        "copy": 0.009031057357788086,
        "scale": 0.010034799575805664,
        "triad": 0.013045072555541992
    },
    "iteration_43":
    {
        "add": 0.01203298568725586,
        "copy": 0.009032011032104492,
        "scale": 0.009031057357788086,
        "triad": 0.01304483413696289
    },
    "iteration_44":
    {
        "add": 0.012041091918945313,
        "copy": 0.009031057357788086,
        "scale": 0.009032011032104492,
        "triad": 0.013046026229858398
    },
    "iteration_45":
    {
        "add": 0.012042045593261719,
        "copy": 0.009030818939208984,
        "scale": 0.009031057357788086,
        "triad": 0.013046026229858398
    },
    "iteration_46":
    {
        "add": 0.012042045593261719,
        "copy": 0.009031057357788086,
        "scale": 0.009030818939208984,
        "triad": 0.013045072555541992
    },
    "iteration_47":
    {
        "add": 0.012041807174682617,
        "copy": 0.008028030395507813,
        "scale": 0.010035037994384766,
        "triad": 0.012042045593261719
    },
    "iteration_48":
    {
        "add": 0.011037826538085938,
        "copy": 0.009031057357788086,
        "scale": 0.010035037994384766,
        "triad": 0.013045072555541992
    },
    "iteration_49":
    {
        "add": 0.011039018630981445,