{
  "iteration_1": {
    "add": 0.5508890151977539,
    "copy": 0.41958189010620117,
    "scale": 0.5156371593475342,
    "triad": 0.637631893157959
  },
  "iteration_2": {
    "add": 0.548530101776123,
    "copy": 0.4194159507751465,
    "scale": 0.5038959980010986,
    "triad": 0.637578010559082
  },
  "iteration_3": {
    "add": 0.5508949756622314,
    "copy": 0.41979193687438965,
    "scale": 0.5050249099731445,
    "triad": 0.6388490200042725
  },
  "iteration_4": {
    "add": 0.5520129203796387,
    "copy": 0.4178459644317627,
    "scale": 0.5041160583496094,
    "triad": 0.6354999542236328
  },
  "iteration_5": {
    "add": 0.5489330291748047,
    "copy": 0.41638708114624023,
    "scale": 0.5028748512268066,
    "triad": 0.6337409019470215
  },
  "iteration_6": {
    "add": 0.5479540824890137,
    "copy": 0.4162280559539795,
    "scale": 0.5041170120239258,
    "triad": 0.6353070735931396
  },
  "iteration_7": {
    "add": 0.5481691360473633,
    "copy": 0.4165809154510498,
    "scale": 0.5035679340362549,
    "triad": 0.6345100402832031
  },
  "iteration_8": {
    "add": 0.547623872756958,
    "copy": 0.41583895683288574,
    "scale": 0.5031180381774902,
    "triad": 0.6357669830322266
  },
  "iteration_9": {
    "add": 0.554145097732544,
    "copy": 0.4184269905090332,
    "scale": 0.5066099166870117,
    "triad": 0.6375739574432373
  },
  "total_time": 18.98466968536377
}